{
  "project_info": {
    "project_number": "294913696600",
    "firebase_url": "https://ride-97caa.firebaseio.com",
    "project_id": "ride-97caa",
    "storage_bucket": "ride-97caa.appspot.com"
  },
  "client": [
    {
      "client_info": {
        "mobilesdk_app_id": "1:294913696600:android:1d4f3b63115bb2a4acbb2d",
        "android_client_info": {
          "package_name": "com.villageapp.ride"
        }
      },
      "oauth_client": [
        {
          "client_id": "294913696600-6okrkvkfv9hn504tqm2kjgnivn8jerj0.apps.googleusercontent.com",
          "client_type": 1,
          "android_info": {
            "package_name": "com.villageapp.ride",
            "certificate_hash": "d4cfbc8b3939c12527d91f01f68e73ae8ff91f15"
          }
        },
        {
          "client_id": "294913696600-2fvtncgco2nlmpfue7h9ba89p2dmgrqo.apps.googleusercontent.com",
          "client_type": 3
        }
      ],
      "api_key": [
        {
          "current_key": "AIzaSyAgs4PCxXsx0-PyMPqsZSDudyAXncfEj0U"
        }
      ],
      "services": {
        "appinvite_service": {
          "other_platform_oauth_client": [
            {
              "client_id": "294913696600-2fvtncgco2nlmpfue7h9ba89p2dmgrqo.apps.googleusercontent.com",
              "client_type": 3
            }
          ]
        }
      }
    }
  ],
  "configuration_version": "1"
}